<?xml version="1.0" encoding="UTF-8"?>
<metadata xml:lang="en"><Esri><CreaDate>20160824</CreaDate><CreaTime>21352300</CreaTime><ArcGISFormat>1.0</ArcGISFormat><SyncOnce>TRUE</SyncOnce><RematchLocator>WI_Address_Locator<Category Locator="Review">Address</Category><Description Locator="Review">US Dual Range Addresses</Description><MinimumMatchScore Locator="Review">60</MinimumMatchScore><MinimumCandidateScore Locator="Review">10</MinimumCandidateScore><SpellingSensitivity Locator="Review">80</SpellingSensitivity><MatchIfScoresTie Locator="Review">-1</MatchIfScoresTie><WriteXYCoordFields Locator="Review">0</WriteXYCoordFields><WriteStandardizedAddressField Locator="Review">0</WriteStandardizedAddressField><WriteReferenceIDField Locator="Review">-1</WriteReferenceIDField><WriteLocatorSpecificFields Locator="Review">0</WriteLocatorSpecificFields><WriteAdditionalOutputFields Locator="Review">-1</WriteAdditionalOutputFields><WriteDisplayExtentFields Locator="Review">0</WriteDisplayExtentFields><WritePercentAlongField Locator="Review">0</WritePercentAlongField><ShowElapsedTime Locator="Review">0</ShowElapsedTime><reportScorePerComponent Locator="Review">0</reportScorePerComponent><MaxCandidates Locator="Review">200</MaxCandidates><MaxPerfectCandidates Locator="Review">200</MaxPerfectCandidates><SearchTimeout Locator="Review">1</SearchTimeout><OutKeyColumns Locator="Review">::</OutKeyColumns><StoreStandardizedRefData Locator="Review">true</StoreStandardizedRefData><RuntimeMemoryLimit Locator="Review">512000000</RuntimeMemoryLimit><supportsEmptyHouseNumber Locator="Review">0</supportsEmptyHouseNumber><supportsIntersections Locator="Review">-1</supportsIntersections><SideOffset Locator="Review">20</SideOffset><SideOffsetUnits Locator="Review">Feet</SideOffsetUnits><EndOffset Locator="Review">3</EndOffset><EndOffsetUnits Locator="Review">ReferenceDataUnits</EndOffsetUnits><Interpolate.SideValue.Left Locator="Review">L</Interpolate.SideValue.Left><Interpolate.SideValue.Right Locator="Review">R</Interpolate.SideValue.Right><IntersectionConnectors Locator="Review">&amp; @ | and at</IntersectionConnectors><StorageSegmentSizeKB Locator="Review">128</StorageSegmentSizeKB><supportsOptionalZone Locator="Review">0</supportsOptionalZone><BatchPresortInputs Locator="Review">State</BatchPresortInputs><BatchPresortInputs Locator="Review">ZIP</BatchPresortInputs><BatchPresortInputs Locator="Review">City</BatchPresortInputs><CLSID Locator="Review">{DA70B7E3-10B2-42E3-BFF7-6C81355862BC}</CLSID><LocatorWorkspaceString Locator="Review">ProgID = esriDataSourcesFile.ShapefileWorkspaceFactory.1; Path = ..</LocatorWorkspaceString><LocFileUseUTF8 Locator="Review">True</LocFileUseUTF8><RebuildStartTime Locator="Review">130081708173890000</RebuildStartTime><RebuildStartTimeAscii Locator="Review">12:46:57 PM</RebuildStartTimeAscii><SafeLocatorName Locator="Review">WI_Address_Locator</SafeLocatorName><UICLSID Locator="Review">{AE5A3A0E-F756-11D2-9F4F-00C04F8ED1C4}</UICLSID><OutColumns Locator="Review">Shape</OutColumns><OutColumns Locator="Review">Status</OutColumns><OutColumns Locator="Review">Score</OutColumns><OutColumns Locator="Review">Match_addr</OutColumns><OutColumns Locator="Review">Side</OutColumns><OutColumns Locator="Review">Ref_ID</OutColumns><OutColumns Locator="Review">User_fld</OutColumns><OutColumns Locator="Review">Addr_type</OutColumns><UseMultithreading Locator="Review">True</UseMultithreading><UseRelativePaths Locator="Review">-1</UseRelativePaths><InTable Locator="Review">::</InTable><InKeyColumns Locator="Review">::</InKeyColumns><InColumns Locator="Review">ARC_Street</InColumns><InColumns Locator="Review">ARC_ZIP</InColumns><OutTable Locator="Review">::</OutTable></RematchLocator></Esri></metadata>
